<?xml version='1.0' encoding='utf-8'?>
<!DOCTYPE hibernate-configuration PUBLIC
        "-//Hibernate/Hibernate Configuration DTD//EN"
        "http://www.hibernate.org/dtd/hibernate-configuration-3.0.dtd">
<hibernate-configuration>
    <session-factory>
        <property name="connection.url">jdbc:postgresql://localhost:5432/postgres</property>
        <property name="connection.driver_class">org.postgresql.Driver</property>
        <property name="connection.username">postgres</property>
        <property name="connection.password">postgres</property>
        <property name="hibernate.dialect">org.hibernate.dialect.PostgresPlusDialect</property>
        <property name="hibernate.show_sql">true</property>
        <property name="hibernate.format_sql">false</property>

        <mapping class="model.Coche"/>
        <mapping class="model.Multa"/>
    </session-factory>
</hibernate-configuration>